category,image,name,price
usagi,image001.png,透明小掛飾-廚師切菜,50
usagi,image002.png,透明小掛飾-廚師帽,48
usagi,image003.png,餐廳徽章-usagi(周年),38
usagi,image004.png,透明小掛飾-HOT,58
usagi,image005.png,usagi料理長金屬掛飾,78
usagi,image006.png,餐廳系列-徽章-usagi(普通),35
usagi,image007.png,餐廳金屬掛飾-usagi,48
usagi,image008.png,usagi料理長徽章,48
usagi,image009.png,景品BIG蜜蜂娃-usagi,118
usagi,image010.png,景品造型馬克杯-usagi,158
usagi,image011.png,景品手帶掛飾-usagi,68
usagi,image012.png,兔兔賞C賞公仔斜孭袋(倒掛),118
usagi,image013.png,兔兔賞B賞大頭公仔,288
usagi,image014.png,兔兔賞B賞大頭公仔(垂耳),388
usagi,image015.png,兔兔賞A賞大大公仔,500
usagi,image016.png,兔兔賞C賞公仔斜孭袋(泰山),118
usagi,image017.png,兔兔賞D賞公仔(可麗露),218
usagi,image018.png,光環眼鏡兔,198
usagi,image019.png,可麗餅閃徽章-usagi,198
usagi,image020.png,兔兔賞D賞公仔(披薩),288
usagi,image021.png,兔兔賞E賞小公仔(睡覺),65
usagi,image022.png,兔兔賞E賞小公仔(鎚仔),65
usagi,image023.png,兔兔賞E賞小公仔(筷子),65
usagi,image024.png,兔兔賞E賞小公仔(哈!?),65
usagi,image025.png,2023 B賞usagi大趴趴娃 約H370×W320×D420mm,318
usagi,image026.png,AnymyC賞usagi大娃(冬天飯團),238
usagi,image027.png,AnymyD賞usagi細娃(冬天飯團),138
usagi,image028.png,AnymyE賞usagi細娃(紅衫),218
usagi,image029.png,2023 D賞usagi大趴趴娃,68
usagi,image030.png,京都限徽章第2彈usagi,45
usagi,image031.png,魔法少女小手辦-usagi,98
usagi,image032.png,魔法少女徽章usagi,38
usagi,image033.png,魔法少女小立牌usagi(黑魔女),35
usagi,image034.png,魔法少女小立牌usagi,35
usagi,image035.png,魔法少女亞克力小掛飾usagi(頭only),45
usagi,image036.png,魔法少女掛飾usagi,45
usagi,image037.png,魔法少女亞克力小掛飾usagi,38
usagi,image038.png,魔法少女小立牌usagi,35
usagi,image039.png,魔法少女心型徽章usagi,38
usagi,image040.png,魔法少女掛飾usagi,45
usagi,image041.png,京都伏見系列-貼紙-usagi,38
usagi,image042.png,飯店系列-貼紙-usagi,30
吉伊,image043.png,飯店系列-貼紙-吉伊(饅頭),30
usagi,image044.png,韓國24K金貼紙-usagi,28
usagi,image045.png,usagi貼紙(食玩#1),28
usagi,image046.png,usagi貼紙#9,18
usagi,image047.png,夏日祭系列-貼紙-usagi,88
usagi,image048.png,麥當勞聯動貼紙-usagi,40
usagi,image049.png,韓國24K金貼紙-usagi(黑超),28
usagi,image050.png,韓國24K金貼紙-usagi(吐舌),28
usagi,image051.png,Chiikawa貼紙-usagi(狸貓),50
usagi,image052.png,餐廳usagi貼紙,50
usagi,image053.png,拉麵系列-貼紙-usagi (背面有瑕）,38
usagi,image054.png,Chiikawa磁石-usagi#1,38
usagi,image055.png,大頭娃usagi,88
usagi,image056.png,藏壽司第2彈掛飾usagi,50
usagi,image057.png,藏壽司第1彈掛飾usagi,50
usagi,image058.png,藏壽司第2彈小徽章usagi,28
usagi,image059.png,A4文件夾usagi(橙),28
usagi,image060.png,A4文件夾usagi(新年),38
usagi,image061.png,A4文件夾usagi(Pizza),28
usagi,image062.png,夏日祭系列-掛飾-usagi,88
usagi,image063.png,夏日祭系列-徽章-usagi,50
usagi,image064.png,chiikawa冒險王-公仔-usagi,218
usagi,image065.png,冒險王系列-大貼紙-usagi,88
usagi,image066.png,冒險王系列-徽章-usagi,58
usagi,image067.png,冒險王系列-貼紙-usagi（肉）,58
usagi,image068.png,冒險王系列-貼紙-usagi（桶）,38
usagi,image069.png,冒險王系列-貼紙-usagi（曬黑）,50
usagi,image070.png,冒險王系列-貼紙-usagi（海報）,50
usagi,image071.png,冒險王系列-卡套-usagi,80
usagi,image072.png,冒險王系列-透明小卡-usagi,45
吉伊 小八 usagi,image073.png,吉伊+小八+usagi貼紙(冒險王),45
usagi,image074.png,冒險王系列-貼紙-usagi（肉）,58
usagi,image075.png,冒險王系列-貼紙-usagi（海報）,50
usagi,image076.png,亞克力掛飾#1,38
usagi,image077.png,chiikawa land-公仔-usagi,188
usagi,image078.png,北海道蜜瓜娃-usagi,198
usagi,image079.png,Chiikawa立体徽章-usagi,90
usagi,image080.png,面包大頭娃包usagi,188
usagi,image081.png,魔法少女第2彈公仔掛飾usagi,168
usagi,image082.png,毛絨絨襪usasgi,88
usagi,image083.png,Sanrio小手辦-usagi,78
usagi,image084.png,韓國限定徽章-usagi(哭哭),45
usagi,image085.png,韓國限定徽章-usagi(屁屁),45
usagi,image086.png,韓國限定徽章-usagi(慶祝),45
usagi,image087.png,韓國限定徽章-usagi(應援棒),45
usagi,image088.png,韓國限定徽章-usagi(溶化),45
usagi,image089.png,比耶系列-立牌-usagi,48
usagi,image090.png,壽司系列-立牌-usagi(熱水),38
usagi,image091.png,Chiikawa金屬掛飾-usagi(倒掛),58
usagi,image092.png,刺繡徽章-usagi(坐),40
usagi,image093.png,刺繡徽章-usagi(趴),38
usagi,image094.png,韓國cafe流沙掛飾-usagi#1,98
usagi,image095.png,韓國cafe流沙掛飾-usagi#2,98
usagi,image096.png,韓國cafe徽章-usagi,78
usagi,image097.png,平行世界系列-掛飾-usagi,35
usagi,image098.png,韓國限定夾usagi,38
usagi,image099.png,韓國限定掛飾usagi(腸仔),38
usagi,image100.png,觀光usagi徽章(星冰樂),88
usagi,image101.png,觀光usagi徽章(紅酒),88
usagi,image102.png,usagi+飛鼠小立牌,38
usagi,image103.png,我英合作徽章usagi X 荼毘,68
usagi,image104.png,我英合作徽章usagi X 轟,85
usagi,image105.png,錢罌usagi,48
usagi,image106.png,徽章usagi(葡萄),38
usagi,image107.png,壽司徽章usagi,45
usagi,image108.png,2023兔年徽章-usagi,80
usagi,image109.png,山梨限定葡萄usagi娃,198
usagi,image110.png,復活節掛飾-usagi,50
吉伊,image111.png,水族館掛飾吉伊,28
usagi,image112.png,惡魔usagi徽章,70
usagi,image113.png,惡魔usagi金屬徽章,88
usagi,image114.png,惡魔usagi娃,198
usagi,image115.png,FamilyMart限定-貼紙-usagi,50
usagi,image116.png,FamilyMart限定-徽章-usagi,58
usagi,image117.png,廣島限定-徽章-usagi,118
usagi,image118.png,壽司娃usagi(魚子),168
usagi,image119.png,壽司娃usagi(茶杯),188
usagi,image120.png,面包大頭娃usagi,158
usagi,image121.png,比耶usagi貼紙4張,68
usagi,image122.png,毛絨枕頭usagi,168
usagi,image123.png,打火機usagi娃,158
usagi,image124.png,筷枕(放筷子的),88
usagi,image125.png,鯉魚娃usagi,158
usagi,image126.png,晴天usagi娃,178
usagi,image127.png,魔法少女卡套20張-usagi,80
usagi,image128.png,翻車魚娃usagi,158
usagi,image129.png,熱狗娃usagi,188
usagi,image130.png,魔法少女第1彈公仔掛飾usagi,168
usagi,image131.png,廚師娃usagi,178
usagi,image132.png,流星娃usagi,188
usagi 栗子,image133.png,料理長usagi+栗子掛飾,88
usagi,image134.png,冬季睡衣娃-usagi,218
usagi,image135.png,應援usagi娃(扇)(初牌),188
usagi,image136.png,MLB娃usagi(帽)(初販),188
usagi,image137.png,MLB娃usagi(普)(初販),188
usagi,image138.png,魔法少女趴趴娃usagi,178
usagi,image139.png,應援usagi娃(應援棒),188
usagi,image140.png,水汪汪眼usagi,168
小八,image141.png,餐廳小立牌-小八,38
小八,image142.png,餐廳徽章-小八,38
小八,image143.png,餐廳系列-掛飾-小八(廚師帽),38
小八,image144.png,餐廳系列-掛飾-小八(HOT),38
小八,image145.png,餐廳周年徽章-小八,40
小八,image146.png,餐廳系列-掛飾-小八,45
小八,image147.png,餐廳系列-掛飾-小八(廚師帽),38
小八,image148.png,飯店徽章-小八(拉面),50
小八,image149.png,景品馬克杯(附蓋)小八,138
小八,image150.png,景品娃小八(樹藤),68
小八,image151.png,景品手帶掛飾-小八,58
小八,image152.png,AnymyE賞細娃-小八(紅衫),188
小八,image153.png,AnymyD賞細娃-小八(普),158
小八,image154.png,2023 B賞小八大趴趴娃 約H240×W320×D420mm,288
小八,image155.png,京都徽章-小八#2,48
小八,image156.png,京都徽章-小八#1,35
小八,image157.png,魔法少女-小手辦(小八),78
小八,image158.png,魔法少女系列-徽章-小八,35
小八,image159.png,平行世界系列-徽章-小八,25
小八,image160.png,平行世界徽章-小八(奇美拉),35
小八,image161.png,魔法少女小立牌-小八(黑魔法),33
小八,image162.png,魔法少女小立牌-小八,30
小八,image163.png,魔法少女掛飾(小八大頭),38
小八,image164.png,魔法少女掛飾(小八討伐棒),28
小八,image165.png,魔法少女徽章(小八Q版),50
小八,image166.png,扭蛋-小八3,15
小八,image167.png,扭蛋-小八4,15
小八,image168.png,面包大頭娃-小八,138
小八,image169.png,貼紙-小八(睡衣),38
小八,image170.png,貼紙-小八(飯店),50
小八,image171.png,貼紙-小八(夏日祭),50
小八,image172.png,貼紙-小八(討伐失敗),38
小八,image173.png,貼紙-小八(討伐),38
小八,image174.png,貼紙-小八(休),38
小八,image175.png,韓國24K金貼紙-小八(吐),38
小八,image176.png,韓國24K金貼紙-小八,38
小八,image177.png,天使惡魔系列-大貼紙-小八,45
小八,image178.png,Chiikawa貼紙-小八(狸貓),28
小八,image179.png,拉麺系列-貼紙-小八,50
小八,image180.png,藏壽司-第1彈掛飾-小八,60
小八,image181.png,藏壽司-第2彈掛飾-小八,50
小八,image182.png,藏壽司-第2彈徽章-小八,25
小八,image183.png,A4文件夾-小八(波羅),25
小八,image184.png,A4文件夾-小八(夏日祭),25
小八,image185.png,A4文件夾-小八(果汁),25
小八,image186.png,A4文件夾-小八(粉底),18
小八,image187.png,A4文件夾-小八(全家),30
小八,image188.png,夏日祭系列-掛飾-小八,80
小八,image189.png,冒險王貼紙-小八(綁),58
小八,image190.png,冒險王貼紙-小八(WANTED),38
小八,image191.png,冒險王貼紙-小八(寶箱),58
小八,image192.png,遊樂場娃-小八,138
小八,image193.png,Sanrio小手辦-小八,58
小八,image194.png,水族館襟章-小八,28
小八,image195.png,觀光襟章-小八,38
小八,image196.png,心型襟章-小八(有瑕),28
小八,image197.png,刺繡襟章-小八(坐),38
小八,image198.png,刺繡襟章-小八(趴),38
小八,image199.png,韓國cafe襟章-小八,58
小八,image200.png,韓國立牌-小八,28
小八,image201.png,韓國夾子-小八,28
小八,image202.png,函館金屬掛飾-小八,58
小八,image203.png,壽司襟章-小八,28
小八,image204.png,海遊館娃-小八,138
小八,image205.png,2023兔年襟章-小八,70
小八,image206.png,山梨娃-小八,188
小八,image207.png,惡魔金屬襟章-小八,158
小八,image208.png,墮天使小八貼紙,48
小八,image209.png,天使貼紙-小八,48
小八,image210.png,惡魔貼紙-小八,48
小八,image211.png,天使金屬襟章-小八,158
小八,image212.png,"	天使娃(景品)-小八",168
小八,image213.png,全家限定貼紙-小八,30
小八,image214.png,全家限定襟章-小八,35
小八,image215.png,廣島限定-徽章-小八,108
小八,image216.png,討伐木牌掛飾-小八,60
小八,image217.png,討伐木牌掛飾-小八&usagi,50
小八,image218.png,壽司娃-小八,158
小八,image219.png,壽司娃-小八(師父),198
小八,image220.png,面包大頭娃-小八,138
小八,image221.png,小八室內拖鞋(22-24cm),218
小八,image222.png,冬季睡衣娃-小八,198
小八,image223.png,MLB娃usagi(普),178
小八,image224.png,MLB娃usagi(帽)(初販),178
小八,image225.png,魔法趴趴娃-小八,158
小八,image226.png,鯉魚娃-小八,138
小八,image227.png,奶油生日娃-小八,138
小八,image228.png,毛絨枕頭-小八,158
小八,image229.png,木質襟章-小八,78
小八,image230.png,小卡卡套(10張set)-小八,78
小八,image231.png,熱狗娃-小八,168
小八,image232.png,旅行牌-小八,118
小八,image233.png,流星娃-小八,168
小甲蟲,image234.png,魔法Q版襟章-小甲蟲,28
小甲蟲,image235.png,MLB襟章-小甲蟲,18
小甲蟲,image236.png,韓國24K金貼紙-小甲蟲,28
小甲蟲,image237.png,面包大頭娃-小甲蟲,158
日用品,image238.png,10cm玻璃杯(綠),100
日用品,image239.png,10cm玻璃杯-(藍),100
日用品,image240.png,11cm玻璃樽,100
日用品,image241.png,10cm玻璃杯-(橙),100
日用品,image242.png,面包店陶製杯墊(集合),80
日用品,image243.png,面包店陶製杯墊(吉伊),80
日用品,image244.png,面包店陶製杯墊(三小只),80
日用品,image245.png,藏壽司A4文件夾A,30
日用品,image246.png,藏壽司A4文件夾B,30
日用品,image247.png,藏壽司A4文件夾C,30
日用品,image248.png,藏壽司紙質貼紙A,15
日用品,image249.png,藏壽司紙質貼紙B,15
日用品,image250.png,藏壽司紙質貼紙C,15
日用品,image251.png,A4文件夾,18
日用品,image252.png,全家限定環保袋(綠) 約高40×闊30×寛20cm,138
日用品,image253.png,全家限定環保袋(黃) 約高40×闊30×寛20cm,138
日用品,image254.png,"保鮮袋(S,M size各5)",38
日用品,image255.png,膠盒兩種類,108
日用品,image256.png,拉麺大碟,138
日用品,image257.png,usagi拉面大碗,198
日用品,image258.png,usagi料理長開瓶蓋,188
日用品,image259.png,ちいかわラーメン豚 レンゲ,88
日用品,image260.png,吉伊小玻璃杯,118
日用品,image261.png,栗子酒杯,188
日用品,image262.png,OK繃 18張,35
日用品,image263.png,飛鼠中華冷面碟,218
日用品,image264.png,吉伊拉面小碗,168
日用品,image265.png,餐廳小八碟,188
日用品,image266.png,Chiikawa UNO,128
日用品,image267.png,冷感毛巾,100
日用品,image268.png,冷感枕頭套,168
日用品,image269.png,小八筆袋(蝴蝶結ver.),188
日用品,image270.png,小八遊樂場大帆布袋 約H400×W480×D150mm ,198
日用品,image271.png,巾袋-小八,118
古本,image272.png,魔法少女小手辦-古本,48
古本,image273.png,魔法少女襟章-古本(銀),18
古本,image274.png,魔法少女襟章-古本(白),18
古本,image275.png,魔法少女小立牌-古本,18
古本,image276.png,魔法少女襟章-古本(Q版),22
古本,image277.png,貼紙-古本(比YEAH),28
古本,image278.png,魔法少女貼紙-古本(Q版),35
古本,image279.png,魔法少女貼紙-古本,35
古本,image280.png,貼紙-古本(打掃),28
古本,image281.png,貼紙-飛鼠&古本,18
古本,image282.png,藏壽司小襟章-古本,10
古本,image283.png,魔法少女趴趴娃-古本,138
古本,image284.png,流星娃-古本,168
吉伊,image285.png,透明小掛飾-吉伊(餐廳),50
吉伊,image286.png,透明小掛飾-吉伊(藍),25
吉伊,image287.png,透明小掛飾-吉伊(HOT),35
吉伊,image288.png,透明小掛飾-吉伊(潤),30
吉伊,image289.png,透明小掛飾-吉伊(廚師帽),38
吉伊,image290.png,景品BIG蜜蜂娃-吉伊,98
吉伊,image291.png,景品造型馬克杯-吉伊(有瑕),100
吉伊,image292.png,景品造型馬克杯-吉伊,130
吉伊,image293.png,景品娃-吉伊(討厭),78
吉伊,image294.png,景品娃掛飾-吉伊(普入睡),90
吉伊,image295.png,景品娃掛飾-吉伊(笑入睡),90
吉伊,image296.png,景品娃掛飾-吉伊(跌落洞穴),68
吉伊,image297.png,景品手帶掛飾-吉伊,48
吉伊,image298.png,B賞大趴趴娃-吉伊,258
吉伊,image299.png,AnymyE賞細娃-吉伊(紅衫),188
吉伊,image300.png,AnymyD賞細娃-吉伊(冬季衫),138
吉伊,image301.png,可麗餅閃徽章-吉伊,110
吉伊,image302.png,京都徽章-吉伊#2,38
吉伊,image303.png,京都徽章-吉伊#1,38
吉伊,image304.png,水獺娃-吉伊,118
吉伊,image305.png,魔法少女小立牌-吉伊(黑),33
吉伊,image306.png,魔法少女小立牌-吉伊(普),28
吉伊,image307.png,魔法少女小立牌-吉伊(魔法棒),25
吉伊,image308.png,魔法少女小手辦-吉伊,78
吉伊,image309.png,拉麺貼紙,28
吉伊,image310.png,飯店閃貼紙-吉伊,38
吉伊,image311.png,韓國24K金貼紙-吉伊(笑),28
吉伊,image312.png,韓國24K金貼紙-吉伊(哭),18
吉伊,image313.png,韓國24K金貼紙-吉伊(hum),30
吉伊,image314.png,小貼紙-吉伊(狸貓),38
吉伊,image315.png,小貼紙-吉伊(密瓜),25
吉伊,image316.png,緣日貼紙-吉伊,70
吉伊,image317.png,拉麵貼紙-吉伊,40
吉伊,image318.png,餐廳貼紙-吉伊,30
吉伊,image319.png,扭蛋-吉伊#1,25
吉伊,image320.png,藏壽司掛飾-吉伊(第2彈),50
吉伊,image321.png,藏壽司掛飾-吉伊(第1彈),60
吉伊,image322.png,藏壽司小襟章-吉伊(第1彈),18
吉伊,image323.png,CC Lemon A4文件夾-吉伊,25
吉伊,image324.png,夏祭A4文件夾-吉伊,25
吉伊,image325.png,可樂A4文件夾-吉伊,35
吉伊,image326.png,全家A4文件夾-吉伊,35
吉伊,image327.png,緣日掛飾-吉伊,88
吉伊,image328.png,冒險王貼紙-吉伊(WANTED),50
吉伊,image329.png,冒險王掛飾-吉伊,65
吉伊,image330.png,遊樂場娃-吉伊,138
吉伊,image331.png,東京小立牌-吉伊,25
吉伊,image332.png,亞克力掛飾-吉伊,18
吉伊,image333.png,金屬掛飾-吉伊,28
吉伊,image334.png,Saniro小手辦-吉伊,60
吉伊,image335.png,刺繡襟章-吉伊(坐),28
吉伊,image336.png,韓國cafe襟章-吉伊,68
吉伊,image337.png,平行世界掛飾-吉伊,28
吉伊,image338.png,平行世界襟章-吉伊,30
吉伊,image339.png,韓國立牌-吉伊(章魚),28
吉伊,image340.png,韓國café掛飾-吉伊,85
吉伊,image341.png,韓國夾子-吉伊,25
吉伊,image342.png,函館掛飾-吉伊,65
吉伊,image343.png,密瓜娃-吉伊,158
吉伊,image344.png,刺繡襟章-吉伊(趴),30
吉伊,image345.png,刺繡襟章-吉伊(舉手),38
吉伊,image346.png,膠質掛飾-吉伊(合格),38
吉伊,image347.png,膠質掛飾-吉伊(復活節),38
吉伊,image348.png,2023兔年襟章-吉伊,60
吉伊,image349.png,山梨娃-吉伊,178
吉伊,image350.png,磁貼-吉伊,28
吉伊,image351.png,天使襟章-吉伊,78
吉伊,image352.png,天使金屬襟章-吉伊,85
吉伊,image353.png,天使貼紙-吉伊,50
吉伊,image354.png,天使金屬襟章-吉伊(射箭),85
吉伊,image355.png,全家貼紙-吉伊,30
吉伊,image356.png,全家襟章-吉伊,38
吉伊,image357.png,廣島限定徽章-吉伊,108
吉伊,image358.png,討伐木牌掛飾-吉伊,50
吉伊,image359.png,壽司娃-吉伊,148
吉伊,image360.png,毛絨枕頭-吉伊,138
吉伊,image361.png,冬季睡衣娃-吉伊,188
吉伊,image362.png,吉伊噘嘴娃,168
吉伊,image363.png,MLB娃usagi(普)(初販),168
吉伊,image364.png,MLB娃usagi(帽)(初販),168
吉伊,image365.png,魔法少女趴趴娃-吉伊,148
吉伊,image366.png,鯉魚娃-吉伊,138
吉伊,image367.png,奶油生日娃-吉伊,138
吉伊,image368.png,木質襟章-吉伊,60
吉伊,image369.png,魔法少女卡套20張-吉伊,68
吉伊,image370.png,熱狗娃-吉伊,158
吉伊,image371.png,流星娃-吉伊,158
吉伊 usagi,image372.png,亞克力掛飾-吉伊&usagi,18
吉伊 usagi,image373.png,平行世界襟章-吉伊&usagi,25
吉伊 小八,image374.png,罐頭襟章-吉伊&小八(曲奇),35
吉伊 小八,image375.png,罐頭襟章-吉伊&小八(炒菇),35
吉伊 小八,image376.png,亞克力掛飾-吉伊&小八,18
吉伊 小八 usagi,image377.png,飯店長貼紙-三小只功夫,38
吉伊 小八 usagi,image378.png,飯店長貼紙-小八外賣,38
吉伊 小八 usagi,image379.png,飯店貼紙-三小只,30
吉伊 小八 usagi,image380.png,貼紙-三小只(睡衣),25
吉伊 小八 usagi,image381.png,大臉娃襟章set,218
小八,image382.png,大臉娃襟章-小八,88
usagi,image383.png,大臉娃襟章-usagi,98
吉伊,image384.png,大臉娃襟章-吉伊,78
吉伊 小八 usagi,image385.png,冒險王襟章-三小只,28
吉伊 小八 usagi,image386.png,冒險王貼紙-三小只(桶),45
吉伊 小八 usagi,image387.png,冒險王貼紙-三小只(長方),35
吉伊 小八 usagi,image388.png,罐頭襟章-吉伊&小八(監獄),35
吉伊 小八 usagi,image389.png,韓國cafe襟章-三小只,50
吉伊 小八 usagi,image390.png,全家襟章-三小只,38
吉伊 小八 usagi 獅薩 鎧甲人,image391.png,拉面立牌,68
那孩子,image392.png,抽賞膠質掛飾-那孩子,28
那孩子,image393.png,小貼紙-那孩子,18
那孩子,image394.png,惡魔金屬襟章-那孩子,58
那孩子,image395.png,惡魔貼紙-那孩子,38
那孩子,image396.png,公仔掛飾-那孩子,168
吉伊 飛鼠,image397.png,討伐木牌掛飾-吉伊&飛鼠,45
古本 飛鼠,image398.png,亞克力小掛飾-飛鼠&古本,28
其他,image399.png,天使惡魔襟章-集合,50
其他,image400.png,飯店襟章-集合(花),25
其他,image401.png,飯店襟章-集合(霓紅燈),25
其他,image402.png,京都襟章-集合,18
奇美拉,image403.png,韓國24K貼紙-奇美拉,25
盲抽/盲盒,image404.png,日版麥當勞盲盒第1彈盲盒,45
盲抽/盲盒,image405.png,巨人襟章盲抽(1包2個),75
盲抽/盲盒,image406.png,魔法少女金屬掛飾盲抽,58
星星,image407.png,韓國24K貼紙-星星,28
飛鼠,image408.png,景品娃-吉伊(討厭),90
飛鼠,image409.png,景品手帶掛飾-飛鼠,58
飛鼠,image410.png,抽賞膠質掛飾-飛鼠,38
飛鼠,image411.png,AnymyD賞細娃-飛鼠,148
飛鼠,image412.png,京都襟章-飛鼠#2,38
飛鼠,image413.png,京都襟章-飛鼠#1,38
飛鼠,image414.png,魔法少女小立牌-usagi,38
飛鼠,image415.png,魔法少女小手辦-飛鼠,88
飛鼠,image416.png,魔法少女襟章-飛鼠(Q版),48
飛鼠,image417.png,貼紙-飛鼠(飯團),38
飛鼠,image418.png,藏壽司第1彈掛飾-飛鼠,68
飛鼠,image419.png,藏壽司第2彈掛飾-飛鼠,48
飛鼠,image420.png,Sanrio小手辦-飛鼠,68
飛鼠,image421.png,韓國夾子-飛鼠,30
飛鼠,image422.png,惡魔金屬襟章-飛鼠,78
飛鼠,image423.png,壽司娃-飛鼠,148
飛鼠,image424.png,餐廳亞克力小掛飾-飛鼠,58
飛鼠,image425.png,飛鼠尾巴公仔掛飾,178
飛鼠,image426.png,魔法少女趴趴娃-飛鼠,168
飛鼠,image427.png,筷枕(放筷子的)-飛鼠,65
飛鼠,image428.png,毛絨枕頭-吉伊,158
飛鼠,image429.png,魔法少女娃-飛鼠,168
飛鼠,image430.png,木質襟章-飛鼠,68
飛鼠,image431.png,魔法少女卡套20張(4款各5張)-真飛鼠,78
哥布林,image432.png,哥布林娃(雞脾),198
師父,image433.png,魔法少女襟章-師父(灰),38
師父,image434.png,魔法少女襟章-師父(紅),28
師父,image435.png,魔法少女小立牌-師父,20
師父,image436.png,小貼紙-師父,18
師父,image437.png,壽司娃-師父,168
栗子,image438.png,抽賞膠質掛飾-栗子,28
栗子,image439.png,AnymyD賞細娃-栗子,78
栗子,image440.png,魔法少女襟章-栗子,18
栗子,image441.png,魔法少女小手辦-栗子,58
栗子,image442.png,魔法少女襟章-栗子(Q版),38
栗子,image443.png,小貼紙-栗子,28
栗子,image444.png,餐廳貼紙-栗子,48
栗子,image445.png,藏壽司第2彈掛飾-栗子,58
栗子,image446.png,藏壽司第1彈掛飾-栗子,58
栗子,image447.png,A4文件夾-栗子(朱古力),28
栗子,image448.png,A5文件夾-栗子(心型),28
栗子,image449.png,生氣娃-栗子,158
栗子,image450.png,餐廳娃-栗子,148
栗子,image451.png,Sanrio小手辦-栗子,48
栗子,image452.png,韓國夾子-栗子,28
栗子,image453.png,壽司襟章-栗子,28
栗子,image454.png,刺繡缶バッジ,28
栗子,image455.png,水族館　缶バッジ,28
栗子,image456.png,壽司娃-栗子,178
栗子,image457.png,面包大頭娃,138
栗子,image458.png,金色チャーム　料理長　くりまんじゅう,58
栗子,image459.png,水族館娃-栗子,148
栗子,image460.png,魔法少女趴趴娃-,138
栗子,image461.png,流星娃-栗子,138
獅薩,image462.png,章魚賞細娃-獅薩,48
獅薩,image463.png,京都伏見徽章-獅薩#2,28
獅薩,image464.png,京都伏見小鏡-獅薩,28
獅薩,image465.png,京都伏見立牌不倒翁-獅薩,20
獅薩,image466.png,京都伏見系列-徽章-獅薩#3,28
獅薩,image467.png,京都伏見系列-徽章-獅薩#1,28
獅薩,image468.png,魔法少女小手辦-獅薩,48
獅薩,image469.png,魔法少女襟章-獅薩(Q版),28
獅薩,image470.png,魔法少女掛飾-獅薩,20
獅薩,image471.png,魔法少女小鏡-獅薩,28
獅薩,image472.png,比耶立牌-usagi獅薩,18
獅薩,image473.png,東京名字掛飾-獅薩,18
獅薩,image474.png,魔法少女襟章-獅薩,18
獅薩,image475.png,魔法少女掛飾-獅薩,28
獅薩,image476.png,魔法少女小立牌-獅薩,18
獅薩,image477.png,藏壽司第2彈襟章-獅薩,15
獅薩,image478.png,觀光襟章-獅薩,38
獅薩,image479.png,柬京襟章-獅薩,18
獅薩,image480.png,扭蛋-獅薩,18
獅薩,image481.png,壽司立牌-獅薩,18
獅薩,image482.png,壽司襟章-獅薩,18
獅薩,image483.png,天使金屬襟章-獅薩,50
獅薩,image484.png,天使貼紙-獅薩,28
獅薩,image485.png,天使景品娃-獅薩,128
獅薩,image486.png,全家貼紙-獅薩,25
獅薩,image487.png,全家襟章-獅薩,28
獅薩,image488.png,壽司娃-獅薩,128
獅薩,image489.png,餐廳掛飾-獅薩,38
獅薩,image490.png,魔法少女趴趴娃-獅薩,138
獅薩,image491.png,流星娃-獅薩,148
獅薩 鎧甲人,image492.png,討伐木牌掛飾-獅薩&鎧甲人,38
獨眼巨人,image493.png,魔法少女襟章-巨人,18
獨眼巨人,image494.png,韓國24K貼紙-巨人,28
獨眼巨人,image495.png,天使襟章-巨人,48
獨眼巨人,image496.png,天使小立牌-巨人,38
獨眼巨人,image497.png,天使貼紙-巨人,28
獨眼巨人 飛鼠,image498.png,討伐木牌掛飾-飛鼠&巨人,60
吉伊,image499.png,餐廳貼紙-吉伊,40
吉伊,image500.png,餐廳小立牌-吉伊,40
吉伊,image501.png,朱古力型掛飾,18
吉伊,image502.png,拉面透明小卡-吉伊,28
usagi,image503.png,"Sanrio usagi公仔掛飾(日版初版,牌有折痕)	",238
小八,image504.png,Sanrio小八大公仔(日版初版),338
小八,image505.png,Sanrio小八細公仔掛飾(日版初版),258
古本,image506.png,Sanrio古本大公仔(日版初版),308
古本,image507.png,Sanrio古本細公仔掛飾(日版初版),208
吉伊,image508.png,Sanrio吉伊大公仔(日版初版),318
吉伊,image509.png,"Sanrio吉伊細公仔掛飾(日版初版)	",238
飛鼠,image510.png,Sanrio飛鼠大公仔(日版初版),348
飛鼠,image511.png,Sanrio飛鼠細公仔掛飾(日版初版),268
usagi,image512.png,韓國cafe小袋-usagi,128
usagi,image513.png,韓國café心型貼紙-usagi,50
盲抽/盲盒,image514.png,日版麥當勞盲盒第2彈盲盒,45
飛鼠,image515.png,飛鼠賞小公仔(閃亮眼睛),65
飛鼠,image516.png,飛鼠賞小公仔(打喊露),65
飛鼠,image517.png,飛鼠賞小公仔(咀嚼),65
usagi,image518.png,紫藤花usagi公仔,168
吉伊,image519.png,紫藤花吉伊公仔,138
飛鼠,image520.png,飯店公仔-飛鼠,218
吉伊,image521.png,A賞大可麗餅公仔-吉伊,468
小八,image522.png,A賞大可麗餅公仔-小八,478
usagi,image523.png,A賞大可麗餅公仔-usagi,488
吉伊,image524.png,B賞可麗餅店員-吉伊,268
小八,image525.png,B賞可麗餅店員-小八,278
usagi,image526.png,B賞可麗餅店員-usagi,288
吉伊,image527.png,C賞可麗餅公仔掛飾-吉伊,318
小八,image528.png,C賞可麗餅公仔掛飾-小八,328
usagi,image529.png,C賞可麗餅公仔掛飾-usagi,338
吉伊,image530.png,抽賞可麗餅正方巾-吉伊,68
小八,image531.png,抽賞可麗餅正方巾-小八,78
usagi,image532.png,抽賞可麗餅正方巾-usagi,88
吉伊,image533.png,抽賞可麗餅造型毛巾-吉伊,68
小八,image534.png,抽賞可麗餅造型毛巾-小八,78
usagi,image535.png,抽賞可麗餅造型毛巾-usagi,88
usagi,image536.png,惡魔娃(景品)-usagi,168
飛鼠,image537.png,惡魔娃(景品)-飛鼠(無牌),158
栗子,image538.png,惡魔娃(景品)-栗子,138
小八,image539.png,天使娃(景品)-小八,158
獅薩,image540.png,天使娃(景品)-獅薩,118
usagi,image541.png,圓形貼紙-usagi,38
飛鼠,image542.png,圓形貼紙-飛鼠(藍),38
吉伊,image543.png,圓形貼紙-吉伊(粉底舉手),28
吉伊,image544.png,圓形貼紙-吉伊(小熊袋),28
弓人竹廿十,image545.png,圓形貼紙-飛鼠(粉),25
吉伊 小八 usagi,image546.png,圓形貼紙-吉伊+小八+usagi,28
吉伊,image547.png,圓形貼紙-吉伊(藍底舉手),28
盲抽/盲盒,image548.png,Chiikawa X 麥當勞聯動貼紙,30
usagi,image549.png,雷門usagi娃,158
小八,image550.png,天使娃(大景品)-小八,108
吉伊,image551.png,生日皇冠娃(大景品)-吉伊,100
吉伊,image552.png,東京手信娃-吉伊,88
小八,image553.png,生日皇冠娃(大景品)-小八,108
吉伊,image554.png,壽司娃-吉伊(師父),138
usagi,image555.png,睡衣usagi,158
吉伊,image556.png,飲品娃-吉伊,68
小八,image557.png,魔法少女娃-小八(黑),148
獅薩,image558.png,掛飾-獅薩,18
獅薩,image559.png,獅薩祭襟章-獅薩,38
栗子,image560.png,獅薩祭T襟章-栗子,28
栗子,image561.png,魔法少女襟章-栗子(討伐),28
那孩子,image562.png,惡魔小立牌-那孩子,28
吉伊,image563.png,太陽魚娃-吉伊,118
usagi,image564.png,阪神合作徽章-usagi,238
吉伊,image565.png,阪神合作徽章-吉伊,198
飛鼠,image566.png,聖誕襪-飛鼠,48
usagi,image567.png,聖誕襪-usagi,48
小八,image568.png,聖誕襪-小八,38
吉伊,image569.png,聖誕襪-吉伊,28
吉伊,image570.png,JR合作貼紙-吉伊(普),48
小八,image571.png,JR合作貼紙-小八(普),58
usagi,image572.png,JR合作貼紙-usagi(普),68
吉伊,image573.png,JR合作貼紙-吉伊(推車),58
小八,image574.png,JR合作貼紙-小八(乘客),48
usagi,image575.png,JR合作貼紙-usagi(乘客),58
吉伊,image576.png,Softbank合作貼紙-吉伊,48
小八,image577.png,Softbank合作貼紙-小八,58
usagi,image578.png,Softbank合作貼紙-usagi,68
飛鼠,image579.png,Softbank合作貼紙-飛鼠,58
獅薩,image580.png,Softbank合作貼紙-師薩,48
栗子,image581.png,Softbank合作貼紙-栗子,48
usagi,image582.png,罐頭徽章-usagi,48
古本,image583.png,方型貼紙-古本,18
獅薩,image584.png,方型貼紙-師薩,18
栗子,image585.png,方型貼紙-栗子,18
小八,image586.png,睡衣手指娃(景品)-小八,98
吉伊,image587.png,睡衣手指娃(景品)-吉伊,88
usagi,image588.png,睡衣手指娃(景品)-usagi,118
usagi,image589.png,阪急限定娃S-usagi,1588
小八,image590.png,阪急限定娃S-小八,988
栗子,image591.png,京都伏見章-栗子#2,28
古本,image592.png,京都伏見系列-徽章-古本#2,28
吉伊 小八 usagi,image593.png,罐頭型徽章-(食炒菜)吉伊&小八,30
栗子,image594.png,飯店徽章-栗子,58
吉伊 小八 usagi,image595.png,飯店徽章-三小只,38
吉伊,image596.png,飯店徽章-吉伊(包),48
小八,image597.png,飯店徽章-小八(外賣),50
吉伊,image598.png,阪急限定娃S-吉伊,888
吉伊,image599.png,韓國限定徽章-吉伊(大字),28
吉伊,image600.png,韓國限定徽章-吉伊(笑哭),28
吉伊,image601.png,韓國限定徽章-吉伊(嗚…),28
吉伊,image602.png,韓國限定徽章-吉伊(氣),28
吉伊,image603.png,韓國限定徽章-吉伊(討伐棒),28
吉伊,image604.png,韓國限定徽章-吉伊(普),28
吉伊,image605.png,福井縣公仔掛飾-吉伊,88
吉伊,image606.png,東京晴空塔娃-吉伊,88
小八,image607.png,群馬縣公仔掛飾-小八,98
usagi,image608.png,萬聖誕景品娃-usagi,158
飛鼠,image609.png,萬聖誕景品娃-飛鼠,138
吉伊 小八 usagi,image610.png,2024新年正方大徽章-三小只,28
吉伊,image611.png,2024新年正方大徽章-吉伊(茄子),38
吉伊 小八 usagi 那孩子,image612.png,2024新年正方大徽章-三小只+那孩子,38
小八,image613.png,2024新年正方大徽章-小八,38
吉伊 小八,image614.png,2024新年正方大徽章-吉伊+小八,28
usagi,image615.png,布丁狗usagi頭飾夾set,218
usagi,image616.png,布丁狗usagi小袋,98
小八,image617.png,玉桂狗小八小袋,88
飛鼠,image618.png,飛鼠Kuromi景品娃,218
栗子,image619.png,栗子水怪景品娃,158
小八,image620.png,小八HelloKitty景品娃,198
吉伊,image621.png,吉伊Melody景品娃,188
usagi,image622.png,usagi布丁狗景品娃,218
栗子,image623.png,京都伏見系列-徽章-栗子#1,38
吉伊 小八 usagi,image624.png,罐頭徽章-三小只(粉),38
usagi,image625.png,心型金屬徽章-usagi,58
usagi,image626.png,金屬徽章-usagi(杯子蛋榚),68
盲抽/盲盒,image627.png,藏壽司第3彈磁貼盲抽,20
盲抽/盲盒,image628.png,藏壽司第3彈襟章盲抽,30
飛鼠,image629.png,藏壽司第3彈掛飾-飛鼠,90
小八,image630.png,藏壽司第3彈掛飾-小八,88
栗子,image631.png,藏壽司第3彈掛飾-栗子,68
吉伊,image632.png,藏壽司第3彈掛飾-吉伊,68
usagi,image633.png,藏壽司第3彈掛飾-usagi,98
吉伊,image634.png,木磁貼掛飾-吉伊,68
小八,image635.png,木磁貼掛飾-小八,78
飛鼠,image636.png,木磁貼掛飾-飛鼠,78
usagi,image637.png,罐頭徽章-usagi(布丁),58
吉伊,image638.png,膠質掛飾-吉伊(復活蛋),28
小八,image639.png,膠質掛飾-小八(比Yeah),28
小八,image640.png,膠質掛飾-小八(復活蛋),38
usagi,image641.png,北海道限定掛飾usagi,68
usagi,image642.png,兔兔賞E賞小公仔(睡覺),65
usagi,image643.png,兔兔賞E賞小公仔(呼),65
usagi,image644.png,兔兔賞E賞小公仔(垂耳),65
usagi,image645.png,兔兔賞E賞小公仔(鎚仔),65
usagi,image646.png,兔兔賞E賞小公仔(筷子),65
吉伊 小八 usagi,image647.png,罐頭徽章-三小只(章魚),38
吉伊 小八 usagi,image648.png,貼紙-三小隻(殭屍),38
usagi,image649.png,貼紙-usagi(垂耳),28
飛鼠,image650.png,貼紙-飛鼠(萬聖節),48
飛鼠,image651.png,貼紙-飛鼠(睇我),28
吉伊,image652.png,正方貼紙-吉伊(切髪),18
小八,image653.png,貼紙-小八(筷子+碗),33
吉伊,image654.png,貼紙-吉伊(切髪),38
小八,image655.png,貼紙-小八,28
小八 師傅,image656.png,罐頭徽章-小八+師傅,35
飛鼠,image657.png,磁貼-飛鼠(菇寄生),38
吉伊 小八 鎧甲人,image658.png,長方磁貼-吉伊+小八+鎧甲人,25
usagi,image659.png,磁貼-usagi(狗尾草),38
古本,image660.png,磁貼-古本,25
小八 usagi,image661.png,磁貼-小八+usagi(紅底),28
小八,image662.png,景品大頭娃掛飾-小八,68
usagi,image663.png,景品大頭娃掛飾-usagi,78
 飛鼠,image664.png,景品大頭娃掛飾-飛鼠,68
古本,image665.png,景品大頭娃掛飾-古本,38
飛鼠,image666.png,章魚魷魚D賞-飛鼠,65
栗子,image667.png,章魚魷魚D賞-栗子,48
小八,image668.png,惡魔小八色紙,18
小八,image669.png,Jleague徽章-小八,68
吉伊,image670.png,刺繡徽章-吉伊(睡衣),28
usagi,image671.png,刺繡徽章-usagi(睡衣),38
獅薩,image672.png,罐頭徽章-獅薩,30
吉伊 小八 usagi,image673.png,罐頭徽章-三小隻(栗子),38
吉伊 小八,image674.png,罐頭徽章-吉伊+小八(乳酪),38
usagi,image675.png,七夕公仔掛件-usagi,138
吉伊,image676.png,七夕公仔掛件-吉伊,118
小八,image677.png,七夕公仔掛件-小八,128
吉伊,image678.png,磁貼-吉伊(梳),30
吉伊,image679.png,磁貼-吉伊(粉底),30
吉伊 小八,image680.png,磁貼-吉伊+小八(粉藍底),28
吉伊 小八,image681.png,正方磁貼-吉伊+小八(小八跳舞),25
栗子,image682.png,磁貼-栗子(飲酒),38
小八 師傅,image683.png,磁貼-小八+師傅(黃底),38
栗子,image684.png,栗子+水瀨小手辦,48
栗子,image685.png,東京徽章-栗子,38
栗子,image686.png,餐廳亞克力小掛飾-栗子(料理長),58
栗子,image687.png,餐廳亞克力小掛飾-栗子(制),58
吉伊,image688.png,龍年公仔-吉伊,158
小八,image689.png,龍年公仔-小八,178
usagi,image690.png,龍年公仔-usagi,198
usagi,image691.png,刺繡徽章-usagi(坐),38
usagi,image692.png,刺繡徽章-usagi(趴),38
usagi,image693.png,扭蛋-usagi,28
usagi,image694.png,掛飾-usagi#1,28
usagi,image695.png,膠質掛飾-usagi(鎚仔),28
usagi,image696.png,夾子-usagi(鎚仔),18
usagi,image697.png,夾子-usagi(啦啦隊),18
吉伊 usagi,image698.png,立體掛飾-吉伊&usagi(章魚),28
栗子,image699.png,掛飾-栗子(宿醉),18
栗子,image700.png,掛飾-栗子(吃喝玩樂),25
古本,image701.png,膠質掛飾-古本,18
usagi,image702.png,流星襟章-usagi,58
usagi,image703.png,流星貼紙-usagi,58
usagi,image704.png,流星貼紙-usagi(捕蟲網),58
吉伊,image705.png,拉面透明小卡-吉伊第2彈,28
飛鼠,image706.png,拉面透明小卡-飛鼠,28
usagi,image707.png,拉面貼字-usagi,38
吉伊,image708.png,拉面貼字-吉伊,28
小八,image709.png,拉面貼字-小八,28
usagi,image710.png,拉面透明小卡-usagi,38
小八,image711.png,拉面透明小卡-小八第2彈,28
栗子,image712.png,水族館襟章-栗子,25
栗子,image713.png,膠質掛飾-栗子(比耶),25
栗子,image714.png,餐廳透明小卡-栗子,18
栗子,image715.png,拉面貼紙-栗子,48
栗子,image716.png,魔法少女小卡-栗子,10
飛鼠,image717.png,貼紙-飛鼠(壽司),28
飛鼠,image718.png,貼紙-飛鼠(朱古力),28
飛鼠,image719.png,小卡-飛鼠,10
飛鼠,image720.png,拉面貼紙-飛鼠,58
飛鼠,image721.png,正方形貼紙-飛鼠(pizza),38
集合,image722.png,拉面貼紙-集合,18
飛鼠,image723.png,MLB貼紙-飛鼠,48
飛鼠,image724.png,京都貼紙-飛鼠(薯),38
吉伊 小八 usagi,image725.png,E賞雪糕杯-A,78
吉伊 小八 usagi,image726.png,E賞雪糕杯-B,78
usagi,image727.png,E賞小碟-usagi(雪榚),88
小八,image728.png,E賞小碟-小八(雪榚),78
吉伊,image729.png,E賞小碟-吉伊(雪榚),68
usagi,image730.png,Cola聖誕裝飾-usagi,48
usagi,image731.png,毛絨小手辦-usagi,38
usagi,image732.png,小手辦-usagi(監獄),38
飛鼠,image733.png,藏壽司第3彈特典大扇-飛鼠,88
usagi,image734.png,藏壽司第3彈特典大扇-usagi,88
飛鼠,image735.png,膠質掛飾-飛鼠,38
飛鼠,image736.png,磁貼-飛鼠(粉),38
usagi,image737.png,圓形貼紙-usagi(綠),28
usagi,image738.png,圓形貼紙-usagi(黃),38
吉伊 小八,image739.png,圓形貼紙-吉伊&飛鼠,18
小八,image740.png,圓形貼紙-小八(長毛),28
吉伊,image741.png,圓形貼紙-吉伊(章魚),28
師父,image742.png,圓形貼紙-師父,28
usagi,image743.png,圓形貼紙-usagi(銅鑼燒),38
小八,image744.png,圓形貼紙-小八(吐舌),28
吉伊,image745.png,圓形貼紙-吉伊(粉),28
栗子 獅薩,image746.png,圓形貼紙-獅薩&栗子,28
小八,image747.png,墮天使小八娃,198
飛鼠,image748.png,惡魔BB娃-飛鼠,198
usagi,image749.png,惡魔BB娃-usagi,198
小八,image750.png,天使BB娃-小八,188
吉伊,image751.png,天使BB娃-吉伊,168
栗子,image752.png,惡魔BB娃-栗子,178
小八,image753.png,天使小八娃,188
usagi,image754.png,惡魔娃-usagi,198
吉伊,image755.png,天使吉伊娃,178
飛鼠,image756.png,惡魔娃-飛鼠,198
師父,image757.png,大頭蝴蝶結錢包-師父,58
栗子,image758.png,大頭蝴蝶結錢包-栗子,68
獅薩,image759.png,大頭蝴蝶結錢包-獅薩,58
usagi,image760.png,大頭蝴蝶結錢包-usagi,98
吉伊,image761.png,大頭蝴蝶結錢包-吉伊,78
小八,image762.png,大頭蝴蝶結錢包-小八,88
飛鼠,image763.png,大頭蝴蝶結錢包-飛鼠,88
古本,image764.png,大頭蝴蝶結錢包-古本,58
usagi,image765.png,全家貼紙-usagi,50
吉伊,image766.png,Sanrio小手辦-吉伊,58
那孩子,image767.png,膠質掛飾-那孩子,18
飛鼠,image768.png,膠質掛飾-飛鼠,28
usagi,image769.png,BB公仔掛飾-usagi,218
小八,image770.png,BB公仔掛飾-小八,188
古本,image771.png,BB公仔掛飾-古本,158
usagi,image772.png,BB大公仔-usagi,288
usagi,image773.png,BB usagi椰菜公仔掛飾,238
師父,image774.png,京都貼紙-師父(薯),38
usagi,image775.png,京都店員娃-usagi,188
小八,image776.png,京都店員娃-小八,178
吉伊,image777.png,京都店員娃-吉伊,158
usagi,image778.png,御守第2彈-usagi,90
小八,image779.png,御守第2彈-小八,90
飛鼠,image780.png,御守第2彈-飛鼠,90
吉伊,image781.png,御守第2彈-吉伊,90
栗子,image782.png,御守第2彈-栗子,90
獅薩,image783.png,京都貼紙-獅薩(薯),38
古本,image784.png,京都貼紙-古本(薯),38
師父,image785.png,京都磁貼-師父(薯),68
獅薩,image786.png,京都磁貼-獅薩(薯),68
usagi,image787.png,京都貼紙-usagi(薯),38
飛鼠,image788.png,京都貼紙-飛鼠(薯),38
小八,image789.png,京都貼紙-小八(薯),38
吉伊,image790.png,京都貼紙-吉伊(薯),38
栗子,image791.png,京都貼紙-栗子(薯),38
usagi,image792.png,京都磁貼-usagi(薯),68
飛鼠,image793.png,京都磁貼-飛鼠(薯),68
小八,image794.png,京都磁貼-小八(薯),68
古本,image795.png,京都磁貼-古本(薯),68
吉伊,image796.png,京都磁貼-吉伊(薯),68
栗子,image797.png,京都磁貼-栗子(薯),68
小八,image798.png,藏壽司第3彈特典壽司碟-小八,168
吉伊,image799.png,藏壽司第3彈特典壽司碟-吉伊,158
usagi,image800.png,藏壽司第3彈特典壽司碟-usagi,178
